{"cameraMode":{"drawMode":0,"name":"Shaded","section":"Shading Mode"},"sceneLighting":false,"audioPlay":false,"sceneViewState":{"showFog":true,"showMaterialUpdate":false,"showSkybox":true,"showFlares":true,"showImageEffects":true,"showParticleSystems":true},"in2DMode":false,"pivot":{"x":-4.858636856079102,"y":0.34484100341796877,"z":-16.901199340820314},"rotation":{"x":0.000884281238541007,"y":0.9975777268409729,"z":-0.0683472752571106,"w":0.012906174175441265},"size":32.00830078125,"orthographic":false}