{"cameraMode":{"drawMode":0,"name":"Shaded","section":"Shading Mode"},"sceneLighting":false,"audioPlay":false,"sceneViewState":{"showFog":true,"showMaterialUpdate":false,"showSkybox":true,"showFlares":true,"showImageEffects":true,"showParticleSystems":true},"in2DMode":false,"pivot":{"x":-82.92643737792969,"y":24.876462936401368,"z":17.345001220703126},"rotation":{"x":-0.07327660918235779,"y":0.9215878248214722,"z":-0.2141411006450653,"w":-0.3153570592403412},"size":15.993940353393555,"orthographic":false}