{"cameraMode":{"drawMode":0,"name":"Shaded","section":"Shading Mode"},"sceneLighting":false,"audioPlay":false,"sceneViewState":{"showFog":true,"showMaterialUpdate":false,"showSkybox":true,"showFlares":true,"showImageEffects":true,"showParticleSystems":true},"in2DMode":false,"pivot":{"x":-0.3763137459754944,"y":-6.748711109161377,"z":-25.50965118408203},"rotation":{"x":-0.003720114938914776,"y":0.9946204423904419,"z":-0.0960896909236908,"w":-0.038510553538799289},"size":124.83309936523438,"orthographic":false}