{"cameraMode":{"drawMode":0,"name":"Shaded","section":"Shading Mode"},"sceneLighting":false,"audioPlay":false,"sceneViewState":{"showFog":true,"showMaterialUpdate":false,"showSkybox":true,"showFlares":true,"showImageEffects":true,"showParticleSystems":true},"in2DMode":false,"pivot":{"x":-0.95564866065979,"y":0.8594091534614563,"z":-1.529101848602295},"rotation":{"x":-0.03224002942442894,"y":-0.9380893111228943,"z":0.09090473502874375,"w":-0.3326941430568695},"size":4.807470321655273,"orthographic":false}