{"cameraMode":{"drawMode":0,"name":"Shaded","section":"Shading Mode"},"sceneLighting":false,"audioPlay":false,"sceneViewState":{"showFog":true,"showMaterialUpdate":false,"showSkybox":true,"showFlares":true,"showImageEffects":true,"showParticleSystems":true},"in2DMode":false,"pivot":{"x":2.313040018081665,"y":0.6058351993560791,"z":-2.172227382659912},"rotation":{"x":0.2472940981388092,"y":-0.5656558871269226,"z":0.18281807005405427,"w":0.7651513814926148},"size":0.24201995134353639,"orthographic":false}