{"cameraMode":{"drawMode":0,"name":"Shaded","section":"Shading Mode"},"sceneLighting":false,"audioPlay":false,"sceneViewState":{"showFog":true,"showMaterialUpdate":false,"showSkybox":true,"showFlares":true,"showImageEffects":true,"showParticleSystems":true},"in2DMode":false,"pivot":{"x":1.8832190036773682,"y":1.1284924745559693,"z":-4.692701816558838},"rotation":{"x":0.04202142357826233,"y":0.6783294677734375,"z":-0.03891231492161751,"w":0.7325225472450256},"size":3.9074699878692629,"orthographic":false}