{"cameraMode":{"drawMode":0,"name":"Shaded","section":"Shading Mode"},"sceneLighting":false,"audioPlay":false,"sceneViewState":{"showFog":true,"showMaterialUpdate":false,"showSkybox":true,"showFlares":true,"showImageEffects":true,"showParticleSystems":true},"in2DMode":false,"pivot":{"x":-3.147369861602783,"y":7.172196388244629,"z":-26.03236961364746},"rotation":{"x":-0.0010627052979543806,"y":-0.9985575079917908,"z":-0.04915527254343033,"w":0.02157890424132347},"size":58.035125732421878,"orthographic":false}