{"cameraMode":{"drawMode":0,"name":"Shaded","section":"Shading Mode"},"sceneLighting":false,"audioPlay":false,"sceneViewState":{"showFog":true,"showMaterialUpdate":false,"showSkybox":true,"showFlares":true,"showImageEffects":true,"showParticleSystems":true},"in2DMode":false,"pivot":{"x":44.511714935302737,"y":7.856295108795166,"z":-56.989723205566409},"rotation":{"x":0.2832336723804474,"y":0.41038763523101809,"z":-0.13577142357826234,"w":0.856111466884613},"size":3.046207904815674,"orthographic":false}