{"cameraMode":{"drawMode":0,"name":"Shaded","section":"Shading Mode"},"sceneLighting":false,"audioPlay":false,"sceneViewState":{"showFog":true,"showMaterialUpdate":false,"showSkybox":true,"showFlares":true,"showImageEffects":true,"showParticleSystems":true},"in2DMode":false,"pivot":{"x":-1.2672901153564454,"y":5.0007476806640629,"z":-0.18982982635498048},"rotation":{"x":-0.003720114938914776,"y":0.9946204423904419,"z":-0.0960896909236908,"w":-0.038510553538799289},"size":55.34193801879883,"orthographic":false}